,SAG,GTDBtk_classification,classification_method,warnings,domain,phyla,class,order,family,genus,species
0,AG-910-A02,d__Bacteria;p__Proteobacteria;c__Gammaproteobacteria;o__SAR86;f__TMED112;g__TMED112;s__TMED112 sp003280455,taxonomic classification defined by topology and ANI,,d__Bacteria,p__Proteobacteria,c__Gammaproteobacteria,o__SAR86,f__TMED112,g__TMED112,s__TMED112 sp003280455
1,AG-910-A04,d__Bacteria;p__Actinobacteriota;c__Acidimicrobiia;o__Actinomarinales;f__Actinomarinaceae;g__Actinomarina;s__Actinomarina sp902615855,taxonomic classification defined by topology and ANI,,d__Bacteria,p__Actinobacteriota,c__Acidimicrobiia,o__Actinomarinales,f__Actinomarinaceae,g__Actinomarina,s__Actinomarina sp902615855
2,AG-910-A06,d__Bacteria;p__Proteobacteria;c__Alphaproteobacteria;o__Pelagibacterales;f__Pelagibacteraceae;g__Pelagibacter;s__Pelagibacter sp902567045,taxonomic classification defined by topology and ANI,,d__Bacteria,p__Proteobacteria,c__Alphaproteobacteria,o__Pelagibacterales,f__Pelagibacteraceae,g__Pelagibacter,s__Pelagibacter sp902567045
3,AG-910-A10,d__Bacteria;p__Proteobacteria;c__Gammaproteobacteria;o__SAR86;f__D2472;g__CACNXK01;s__CACNXK01 sp902518715,taxonomic classification defined by topology and ANI,,d__Bacteria,p__Proteobacteria,c__Gammaproteobacteria,o__SAR86,f__D2472,g__CACNXK01,s__CACNXK01 sp902518715
4,AG-910-A13,d__Bacteria;p__Proteobacteria;c__Gammaproteobacteria;o__GCA-002705445;f__GCA-002705445;g__GCA-2702235;s__GCA-2702235 sp002702235,taxonomic classification defined by topology and ANI,,d__Bacteria,p__Proteobacteria,c__Gammaproteobacteria,o__GCA-002705445,f__GCA-002705445,g__GCA-2702235,s__GCA-2702235 sp002702235
5,AG-910-A14,d__Bacteria;p__Proteobacteria;c__Alphaproteobacteria;o__Pelagibacterales;f__AG-422-B15;g__AG-422-B15;s__,taxonomic classification defined by topology and ANI,Genome not assigned to closest species as it falls outside its pre-defined ANI radius,d__Bacteria,p__Proteobacteria,c__Alphaproteobacteria,o__Pelagibacterales,f__AG-422-B15,g__AG-422-B15,s__
6,AG-910-A15,d__Bacteria;p__Proteobacteria;c__Alphaproteobacteria;o__Pelagibacterales;f__Pelagibacteraceae;g__Pelagibacter_A;s__Pelagibacter_A sp902573345,taxonomic classification defined by topology and ANI,,d__Bacteria,p__Proteobacteria,c__Alphaproteobacteria,o__Pelagibacterales,f__Pelagibacteraceae,g__Pelagibacter_A,s__Pelagibacter_A sp902573345
7,AG-910-A16,d__Bacteria;p__Actinobacteriota;c__Acidimicrobiia;o__Actinomarinales;f__Actinomarinaceae;g__Actinomarina;s__Actinomarina sp003213165,taxonomic classification defined by topology and ANI,,d__Bacteria,p__Actinobacteriota,c__Acidimicrobiia,o__Actinomarinales,f__Actinomarinaceae,g__Actinomarina,s__Actinomarina sp003213165
8,AG-910-A17,d__Bacteria;p__Proteobacteria;c__Alphaproteobacteria;o__Pelagibacterales;f__Pelagibacteraceae;g__Pelagibacter;s__Pelagibacter sp902542235,taxonomic classification defined by topology and ANI,,d__Bacteria,p__Proteobacteria,c__Alphaproteobacteria,o__Pelagibacterales,f__Pelagibacteraceae,g__Pelagibacter,s__Pelagibacter sp902542235
9,AG-910-A19,d__Bacteria;p__Proteobacteria;c__Alphaproteobacteria;o__HIMB59;f__GCA-002718135;g__AG-337-I02;s__AG-337-I02 sp902570155,taxonomic classification defined by topology and ANI,,d__Bacteria,p__Proteobacteria,c__Alphaproteobacteria,o__HIMB59,f__GCA-002718135,g__AG-337-I02,s__AG-337-I02 sp902570155
10,AG-910-A20,d__Bacteria;p__Proteobacteria;c__Gammaproteobacteria;o__Pseudomonadales;f__HTCC2089;g__UBA4421;s__,taxonomic classification defined by topology and ANI,,d__Bacteria,p__Proteobacteria,c__Gammaproteobacteria,o__Pseudomonadales,f__HTCC2089,g__UBA4421,s__
11,AG-910-A22,d__Bacteria;p__Proteobacteria;c__Alphaproteobacteria;o__Pelagibacterales;f__Pelagibacteraceae;g__Pelagibacter;s__Pelagibacter sp902609685,taxonomic classification defined by topology and ANI,,d__Bacteria,p__Proteobacteria,c__Alphaproteobacteria,o__Pelagibacterales,f__Pelagibacteraceae,g__Pelagibacter,s__Pelagibacter sp902609685
12,AG-910-B03,d__Bacteria;p__Proteobacteria;c__Alphaproteobacteria;o__Pelagibacterales;f__Pelagibacteraceae;g__Pelagibacter_A;s__,taxonomic classification defined by topology and ANI,Genome not assigned to closest species as it falls outside its pre-defined ANI radius,d__Bacteria,p__Proteobacteria,c__Alphaproteobacteria,o__Pelagibacterales,f__Pelagibacteraceae,g__Pelagibacter_A,s__
13,AG-910-B05,d__Bacteria;p__Proteobacteria;c__Alphaproteobacteria;o__Pelagibacterales;f__Pelagibacteraceae;g__Pelagibacter;s__Pelagibacter sp902573465,taxonomic classification defined by topology and ANI,,d__Bacteria,p__Proteobacteria,c__Alphaproteobacteria,o__Pelagibacterales,f__Pelagibacteraceae,g__Pelagibacter,s__Pelagibacter sp902573465
14,AG-910-B07,d__Bacteria;p__Proteobacteria;c__Alphaproteobacteria;o__HIMB59;f__HIMB59;g__HIMB59;s__HIMB59 sp902616855,ANI,,d__Bacteria,p__Proteobacteria,c__Alphaproteobacteria,o__HIMB59,f__HIMB59,g__HIMB59,s__HIMB59 sp902616855
15,AG-910-B08,d__Bacteria;p__Bacteroidota;c__Bacteroidia;o__Flavobacteriales;f__Flavobacteriaceae;g__GCA-2862715;s__GCA-2862715 sp002862715,taxonomic classification defined by topology and ANI,,d__Bacteria,p__Bacteroidota,c__Bacteroidia,o__Flavobacteriales,f__Flavobacteriaceae,g__GCA-2862715,s__GCA-2862715 sp002862715
16,AG-910-B10,d__Bacteria;p__Proteobacteria;c__Alphaproteobacteria;o__Pelagibacterales;f__Pelagibacteraceae;g__Pelagibacter;s__Pelagibacter sp902586495,taxonomic classification defined by topology and ANI,,d__Bacteria,p__Proteobacteria,c__Alphaproteobacteria,o__Pelagibacterales,f__Pelagibacteraceae,g__Pelagibacter,s__Pelagibacter sp902586495
17,AG-910-B11,d__Bacteria;p__Proteobacteria;c__Gammaproteobacteria;o__SAR86;f__SAR86;g__GCA-2707915;s__GCA-2707915 sp902620785,taxonomic classification defined by topology and ANI,,d__Bacteria,p__Proteobacteria,c__Gammaproteobacteria,o__SAR86,f__SAR86,g__GCA-2707915,s__GCA-2707915 sp902620785
18,AG-910-B13,d__Bacteria;p__Proteobacteria;c__Alphaproteobacteria;o__Pelagibacterales;f__Pelagibacteraceae;g__Pelagibacter;s__,taxonomic classification defined by topology and ANI,Genome not assigned to closest species as it falls outside its pre-defined ANI radius,d__Bacteria,p__Proteobacteria,c__Alphaproteobacteria,o__Pelagibacterales,f__Pelagibacteraceae,g__Pelagibacter,s__
19,AG-910-B14,d__Bacteria;p__Proteobacteria;c__Gammaproteobacteria;o__SAR86;f__D2472;g__SAR86A;s__SAR86A sp004212975,taxonomic classification defined by topology and ANI,,d__Bacteria,p__Proteobacteria,c__Gammaproteobacteria,o__SAR86,f__D2472,g__SAR86A,s__SAR86A sp004212975
20,AG-910-B15,d__Bacteria;p__Proteobacteria;c__Alphaproteobacteria;o__Pelagibacterales;f__Pelagibacteraceae;g__Pelagibacter;s__Pelagibacter sp003209915,taxonomic classification defined by topology and ANI,,d__Bacteria,p__Proteobacteria,c__Alphaproteobacteria,o__Pelagibacterales,f__Pelagibacteraceae,g__Pelagibacter,s__Pelagibacter sp003209915
21,AG-910-B16,d__Bacteria;p__Proteobacteria;c__Alphaproteobacteria;o__Pelagibacterales;f__Pelagibacteraceae;g__Pelagibacter;s__,taxonomic classification defined by topology and ANI,Genome not assigned to closest species as it falls outside its pre-defined ANI radius,d__Bacteria,p__Proteobacteria,c__Alphaproteobacteria,o__Pelagibacterales,f__Pelagibacteraceae,g__Pelagibacter,s__
22,AG-910-B17,d__Bacteria;p__Proteobacteria;c__Alphaproteobacteria;o__Pelagibacterales;f__Pelagibacteraceae;g__Pelagibacter;s__Pelagibacter sp902560185,ANI,,d__Bacteria,p__Proteobacteria,c__Alphaproteobacteria,o__Pelagibacterales,f__Pelagibacteraceae,g__Pelagibacter,s__Pelagibacter sp902560185
23,AG-910-B20,d__Bacteria;p__Cyanobacteria;c__Cyanobacteriia;o__PCC-6307;f__Cyanobiaceae;g__Prochlorococcus_A;s__Prochlorococcus_A sp000634515,taxonomic classification defined by topology and ANI,,d__Bacteria,p__Cyanobacteria,c__Cyanobacteriia,o__PCC-6307,f__Cyanobiaceae,g__Prochlorococcus_A,s__Prochlorococcus_A sp000634515
24,AG-910-B21,d__Bacteria;p__Proteobacteria;c__Alphaproteobacteria;o__Rhodobacterales;f__Rhodobacteraceae;g__CACIIZ01;s__CACIIZ01 sp902573735,taxonomic classification defined by topology and ANI,,d__Bacteria,p__Proteobacteria,c__Alphaproteobacteria,o__Rhodobacterales,f__Rhodobacteraceae,g__CACIIZ01,s__CACIIZ01 sp902573735
25,AG-910-B22,d__Bacteria;p__Proteobacteria;c__Alphaproteobacteria;o__HIMB59;f__HIMB59;g__HIMB59;s__HIMB59 sp902546975,ANI,,d__Bacteria,p__Proteobacteria,c__Alphaproteobacteria,o__HIMB59,f__HIMB59,g__HIMB59,s__HIMB59 sp902546975
26,AG-910-B23,d__Bacteria;p__Proteobacteria;c__Alphaproteobacteria;o__Pelagibacterales;f__Pelagibacteraceae;g__Pelagibacter;s__Pelagibacter sp003210095,taxonomic classification defined by topology and ANI,,d__Bacteria,p__Proteobacteria,c__Alphaproteobacteria,o__Pelagibacterales,f__Pelagibacteraceae,g__Pelagibacter,s__Pelagibacter sp003210095
27,AG-910-C02,d__Bacteria;p__Proteobacteria;c__Gammaproteobacteria;o__SAR86;f__TMED112;g__TMED112;s__TMED112 sp902610995,taxonomic classification defined by topology and ANI,,d__Bacteria,p__Proteobacteria,c__Gammaproteobacteria,o__SAR86,f__TMED112,g__TMED112,s__TMED112 sp902610995
28,AG-910-C03,d__Bacteria;p__Proteobacteria;c__Alphaproteobacteria;o__Pelagibacterales;f__Pelagibacteraceae;g__MED727;s__MED727 sp902573835,taxonomic classification defined by topology and ANI,,d__Bacteria,p__Proteobacteria,c__Alphaproteobacteria,o__Pelagibacterales,f__Pelagibacteraceae,g__MED727,s__MED727 sp902573835
29,AG-910-C06,d__Bacteria;p__Proteobacteria;c__Alphaproteobacteria;o__Pelagibacterales;f__Pelagibacteraceae;g__CACNRH01;s__CACNRH01 sp902573865,taxonomic classification defined by topology and ANI,,d__Bacteria,p__Proteobacteria,c__Alphaproteobacteria,o__Pelagibacterales,f__Pelagibacteraceae,g__CACNRH01,s__CACNRH01 sp902573865
30,AG-910-C07,d__Bacteria;p__Cyanobacteria;c__Cyanobacteriia;o__PCC-6307;f__Cyanobiaceae;g__Prochlorococcus_A;s__Prochlorococcus_A sp000634735,taxonomic classification defined by topology and ANI,,d__Bacteria,p__Cyanobacteria,c__Cyanobacteriia,o__PCC-6307,f__Cyanobiaceae,g__Prochlorococcus_A,s__Prochlorococcus_A sp000634735
31,AG-910-C08,d__Bacteria;p__Proteobacteria;c__Alphaproteobacteria;o__Pelagibacterales;f__Pelagibacteraceae;g__GCA-002704185;s__GCA-002704185 sp003280495,taxonomic classification defined by topology and ANI,,d__Bacteria,p__Proteobacteria,c__Alphaproteobacteria,o__Pelagibacterales,f__Pelagibacteraceae,g__GCA-002704185,s__GCA-002704185 sp003280495
32,AG-910-C11,d__Bacteria;p__Proteobacteria;c__Alphaproteobacteria;o__Pelagibacterales;f__Pelagibacteraceae;g__Pelagibacter_A;s__Pelagibacter_A sp902573905,taxonomic classification defined by topology and ANI,,d__Bacteria,p__Proteobacteria,c__Alphaproteobacteria,o__Pelagibacterales,f__Pelagibacteraceae,g__Pelagibacter_A,s__Pelagibacter_A sp902573905
33,AG-910-C14,d__Bacteria;p__Proteobacteria;c__Alphaproteobacteria;o__Pelagibacterales;f__Pelagibacteraceae;g__Pelagibacter;s__Pelagibacter sp902596325,taxonomic classification defined by topology and ANI,,d__Bacteria,p__Proteobacteria,c__Alphaproteobacteria,o__Pelagibacterales,f__Pelagibacteraceae,g__Pelagibacter,s__Pelagibacter sp902596325
34,AG-910-C15,d__Bacteria;p__Proteobacteria;c__Alphaproteobacteria;o__Pelagibacterales;f__AG-422-B15;g__AG-422-B15;s__AG-422-B15 sp902619105,taxonomic classification defined by topology and ANI,,d__Bacteria,p__Proteobacteria,c__Alphaproteobacteria,o__Pelagibacterales,f__AG-422-B15,g__AG-422-B15,s__AG-422-B15 sp902619105
35,AG-910-C16,d__Bacteria;p__Proteobacteria;c__Alphaproteobacteria;o__Pelagibacterales;f__Pelagibacteraceae;g__Pelagibacter_A;s__Pelagibacter_A sp902573985,taxonomic classification defined by topology and ANI,,d__Bacteria,p__Proteobacteria,c__Alphaproteobacteria,o__Pelagibacterales,f__Pelagibacteraceae,g__Pelagibacter_A,s__Pelagibacter_A sp902573985
36,AG-910-C17,d__Bacteria;p__Proteobacteria;c__Alphaproteobacteria;o__Pelagibacterales;f__Pelagibacteraceae;g__Pelagibacter;s__,taxonomic classification defined by topology and ANI,Genome not assigned to closest species as it falls outside its pre-defined ANI radius,d__Bacteria,p__Proteobacteria,c__Alphaproteobacteria,o__Pelagibacterales,f__Pelagibacteraceae,g__Pelagibacter,s__
37,AG-910-C18,d__Bacteria;p__Proteobacteria;c__Alphaproteobacteria;o__Pelagibacterales;f__Pelagibacteraceae;g__Pelagibacter;s__Pelagibacter sp902582605,taxonomic classification defined by topology and ANI,,d__Bacteria,p__Proteobacteria,c__Alphaproteobacteria,o__Pelagibacterales,f__Pelagibacteraceae,g__Pelagibacter,s__Pelagibacter sp902582605
38,AG-910-C20,d__Bacteria;p__Proteobacteria;c__Alphaproteobacteria;o__HIMB59;f__GCA-002718135;g__AG-337-I02;s__,taxonomic classification defined by topology and ANI,Genome not assigned to closest species as it falls outside its pre-defined ANI radius,d__Bacteria,p__Proteobacteria,c__Alphaproteobacteria,o__HIMB59,f__GCA-002718135,g__AG-337-I02,s__
39,AG-910-C21,d__Bacteria;p__Proteobacteria;c__Alphaproteobacteria;o__Pelagibacterales;f__Pelagibacteraceae;g__Pelagibacter;s__Pelagibacter sp902537665,ANI,,d__Bacteria,p__Proteobacteria,c__Alphaproteobacteria,o__Pelagibacterales,f__Pelagibacteraceae,g__Pelagibacter,s__Pelagibacter sp902537665
40,AG-910-C23,d__Bacteria;p__Proteobacteria;c__Gammaproteobacteria;o__SAR86;f__TMED112;g__TMED112;s__TMED112 sp003280455,taxonomic classification defined by topology and ANI,,d__Bacteria,p__Proteobacteria,c__Gammaproteobacteria,o__SAR86,f__TMED112,g__TMED112,s__TMED112 sp003280455
41,AG-910-D07,d__Bacteria;p__Proteobacteria;c__Alphaproteobacteria;o__Pelagibacterales;f__Pelagibacteraceae;g__Pelagibacter;s__,taxonomic classification defined by topology and ANI,Genome not assigned to closest species as it falls outside its pre-defined ANI radius,d__Bacteria,p__Proteobacteria,c__Alphaproteobacteria,o__Pelagibacterales,f__Pelagibacteraceae,g__Pelagibacter,s__
42,AG-910-D09,d__Bacteria;p__Proteobacteria;c__Gammaproteobacteria;o__SAR86;f__SAR86;g__GCA-2707915;s__GCA-2707915 sp902620785,taxonomic classification defined by topology and ANI,,d__Bacteria,p__Proteobacteria,c__Gammaproteobacteria,o__SAR86,f__SAR86,g__GCA-2707915,s__GCA-2707915 sp902620785
43,AG-910-D11,d__Bacteria;p__Proteobacteria;c__Alphaproteobacteria;o__Pelagibacterales;f__Pelagibacteraceae;g__Pelagibacter_A;s__Pelagibacter_A sp902585045,taxonomic classification defined by topology and ANI,,d__Bacteria,p__Proteobacteria,c__Alphaproteobacteria,o__Pelagibacterales,f__Pelagibacteraceae,g__Pelagibacter_A,s__Pelagibacter_A sp902585045
44,AG-910-D13,d__Bacteria;p__Proteobacteria;c__Alphaproteobacteria;o__HIMB59;f__HIMB59;g__HIMB59;s__,taxonomic classification defined by topology and ANI,Genome not assigned to closest species as it falls outside its pre-defined ANI radius,d__Bacteria,p__Proteobacteria,c__Alphaproteobacteria,o__HIMB59,f__HIMB59,g__HIMB59,s__
45,AG-910-D17,d__Bacteria;p__Proteobacteria;c__Alphaproteobacteria;o__Pelagibacterales;f__Pelagibacteraceae;g__Pelagibacter_A;s__,taxonomic classification defined by topology and ANI,Genome not assigned to closest species as it falls outside its pre-defined ANI radius,d__Bacteria,p__Proteobacteria,c__Alphaproteobacteria,o__Pelagibacterales,f__Pelagibacteraceae,g__Pelagibacter_A,s__
46,AG-910-D18,d__Bacteria;p__Proteobacteria;c__Alphaproteobacteria;o__Pelagibacterales;f__Pelagibacteraceae;g__Pelagibacter;s__Pelagibacter sp902635685,taxonomic classification defined by topology and ANI,,d__Bacteria,p__Proteobacteria,c__Alphaproteobacteria,o__Pelagibacterales,f__Pelagibacteraceae,g__Pelagibacter,s__Pelagibacter sp902635685
47,AG-910-D19,d__Bacteria;p__Cyanobacteria;c__Cyanobacteriia;o__PCC-6307;f__Cyanobiaceae;g__Prochlorococcus_A;s__,taxonomic classification defined by topology and ANI,Genome not assigned to closest species as it falls outside its pre-defined ANI radius,d__Bacteria,p__Cyanobacteria,c__Cyanobacteriia,o__PCC-6307,f__Cyanobiaceae,g__Prochlorococcus_A,s__
48,AG-910-D20,d__Bacteria;p__Proteobacteria;c__Alphaproteobacteria;o__Pelagibacterales;f__AG-422-B15;g__AG-422-B15;s__AG-422-B15 sp902526005,taxonomic classification defined by topology and ANI,,d__Bacteria,p__Proteobacteria,c__Alphaproteobacteria,o__Pelagibacterales,f__AG-422-B15,g__AG-422-B15,s__AG-422-B15 sp902526005
49,AG-910-D21,d__Bacteria;p__Proteobacteria;c__Gammaproteobacteria;o__SAR86;f__AG-339-G14;g__CACNYO01;s__CACNYO01 sp902596665,ANI,"Genome domain questionable ( 14.2% Bacterial, 4.9% Archaeal)",d__Bacteria,p__Proteobacteria,c__Gammaproteobacteria,o__SAR86,f__AG-339-G14,g__CACNYO01,s__CACNYO01 sp902596665
50,AG-910-E02,d__Bacteria;p__Proteobacteria;c__Alphaproteobacteria;o__TMED127;f__TMED127;g__GCA-2691245;s__,taxonomic classification defined by topology and ANI,Genome not assigned to closest species as it falls outside its pre-defined ANI radius,d__Bacteria,p__Proteobacteria,c__Alphaproteobacteria,o__TMED127,f__TMED127,g__GCA-2691245,s__
51,AG-910-E03,d__Bacteria;p__Proteobacteria;c__Alphaproteobacteria;o__Pelagibacterales;f__Pelagibacteraceae;g__Pelagibacter;s__Pelagibacter sp902596515,taxonomic classification defined by topology and ANI,,d__Bacteria,p__Proteobacteria,c__Alphaproteobacteria,o__Pelagibacterales,f__Pelagibacteraceae,g__Pelagibacter,s__Pelagibacter sp902596515
52,AG-910-E04,d__Bacteria;p__Proteobacteria;c__Alphaproteobacteria;o__Pelagibacterales;f__Pelagibacteraceae;g__Pelagibacter;s__,taxonomic classification defined by topology and ANI,Genome not assigned to closest species as it falls outside its pre-defined ANI radius,d__Bacteria,p__Proteobacteria,c__Alphaproteobacteria,o__Pelagibacterales,f__Pelagibacteraceae,g__Pelagibacter,s__
53,AG-910-E06,d__Bacteria;p__Proteobacteria;c__Alphaproteobacteria;o__Pelagibacterales;f__Pelagibacteraceae;g__Pelagibacter;s__Pelagibacter sp003209915,taxonomic classification defined by topology and ANI,,d__Bacteria,p__Proteobacteria,c__Alphaproteobacteria,o__Pelagibacterales,f__Pelagibacteraceae,g__Pelagibacter,s__Pelagibacter sp003209915
54,AG-910-E09,d__Bacteria;p__Proteobacteria;c__Alphaproteobacteria;o__Pelagibacterales;f__Pelagibacteraceae;g__Pelagibacter;s__,taxonomic classification defined by topology and ANI,Genome not assigned to closest species as it falls outside its pre-defined ANI radius,d__Bacteria,p__Proteobacteria,c__Alphaproteobacteria,o__Pelagibacterales,f__Pelagibacteraceae,g__Pelagibacter,s__
55,AG-910-E10,d__Bacteria;p__Cyanobacteria;c__Cyanobacteriia;o__PCC-6307;f__Cyanobiaceae;g__Prochlorococcus_A;s__Prochlorococcus_A sp001989455,taxonomic classification defined by topology and ANI,,d__Bacteria,p__Cyanobacteria,c__Cyanobacteriia,o__PCC-6307,f__Cyanobiaceae,g__Prochlorococcus_A,s__Prochlorococcus_A sp001989455
56,AG-910-E13,d__Bacteria;p__Proteobacteria;c__Alphaproteobacteria;o__Pelagibacterales;f__Pelagibacteraceae;g__Pelagibacter_A;s__Pelagibacter_A sp902590505,taxonomic classification defined by topology and ANI,,d__Bacteria,p__Proteobacteria,c__Alphaproteobacteria,o__Pelagibacterales,f__Pelagibacteraceae,g__Pelagibacter_A,s__Pelagibacter_A sp902590505
57,AG-910-E19,d__Bacteria;p__Bacteroidota;c__Bacteroidia;o__Flavobacteriales;f__UBA10066;g__MED-G20;s__MED-G20 sp002691605,taxonomic classification defined by topology and ANI,,d__Bacteria,p__Bacteroidota,c__Bacteroidia,o__Flavobacteriales,f__UBA10066,g__MED-G20,s__MED-G20 sp002691605
58,AG-910-E20,d__Bacteria;p__Proteobacteria;c__Alphaproteobacteria;o__Pelagibacterales;f__Pelagibacteraceae;g__Pelagibacter;s__Pelagibacter sp002101295,taxonomic classification defined by topology and ANI,,d__Bacteria,p__Proteobacteria,c__Alphaproteobacteria,o__Pelagibacterales,f__Pelagibacteraceae,g__Pelagibacter,s__Pelagibacter sp002101295
59,AG-910-E21,d__Bacteria;p__Proteobacteria;c__Alphaproteobacteria;o__Pelagibacterales;f__Pelagibacteraceae;g__Pelagibacter;s__Pelagibacter sp902574685,taxonomic classification defined by topology and ANI,,d__Bacteria,p__Proteobacteria,c__Alphaproteobacteria,o__Pelagibacterales,f__Pelagibacteraceae,g__Pelagibacter,s__Pelagibacter sp902574685
60,AG-910-E22,d__Bacteria;p__Proteobacteria;c__Alphaproteobacteria;o__Puniceispirillales;f__AAA536-G10;g__AAA536-G10;s__,taxonomic classification defined by topology and ANI,Genome not assigned to closest species as it falls outside its pre-defined ANI radius,d__Bacteria,p__Proteobacteria,c__Alphaproteobacteria,o__Puniceispirillales,f__AAA536-G10,g__AAA536-G10,s__
61,AG-910-E23,d__Bacteria;p__Proteobacteria;c__Alphaproteobacteria;o__HIMB59;f__GCA-002718135;g__AG-337-I02;s__AG-337-I02 sp902621855,taxonomic classification defined by topology and ANI,,d__Bacteria,p__Proteobacteria,c__Alphaproteobacteria,o__HIMB59,f__GCA-002718135,g__AG-337-I02,s__AG-337-I02 sp902621855
62,AG-910-F03,d__Bacteria;p__Proteobacteria;c__Alphaproteobacteria;o__Pelagibacterales;f__Pelagibacteraceae;g__Pelagibacter;s__Pelagibacter sp902621345,taxonomic classification defined by topology and ANI,,d__Bacteria,p__Proteobacteria,c__Alphaproteobacteria,o__Pelagibacterales,f__Pelagibacteraceae,g__Pelagibacter,s__Pelagibacter sp902621345
63,AG-910-F05,d__Bacteria;p__Proteobacteria;c__Gammaproteobacteria;o__SAR86;f__D2472;g__CACNXK01;s__CACNXK01 sp902622845,taxonomic classification defined by topology and ANI,,d__Bacteria,p__Proteobacteria,c__Gammaproteobacteria,o__SAR86,f__D2472,g__CACNXK01,s__CACNXK01 sp902622845
64,AG-910-F07,d__Bacteria;p__Proteobacteria;c__Alphaproteobacteria;o__Pelagibacterales;f__Pelagibacteraceae;g__Pelagibacter;s__Pelagibacter sp902576045,ANI,,d__Bacteria,p__Proteobacteria,c__Alphaproteobacteria,o__Pelagibacterales,f__Pelagibacteraceae,g__Pelagibacter,s__Pelagibacter sp902576045
65,AG-910-F10,d__Bacteria;p__Proteobacteria;c__Alphaproteobacteria;o__Pelagibacterales;f__Pelagibacteraceae;g__Pelagibacter;s__,taxonomic classification defined by topology and ANI,Genome not assigned to closest species as it falls outside its pre-defined ANI radius,d__Bacteria,p__Proteobacteria,c__Alphaproteobacteria,o__Pelagibacterales,f__Pelagibacteraceae,g__Pelagibacter,s__
66,AG-910-F15,d__Bacteria;p__Proteobacteria;c__Gammaproteobacteria;o__SAR86;f__AG-339-G14;g__AG-339-G14;s__AG-339-G14 sp902616715,taxonomic classification defined by topology and ANI,,d__Bacteria,p__Proteobacteria,c__Gammaproteobacteria,o__SAR86,f__AG-339-G14,g__AG-339-G14,s__AG-339-G14 sp902616715
67,AG-910-F17,d__Bacteria;p__Proteobacteria;c__Gammaproteobacteria;o__SAR86;f__D2472;g__SAR86A;s__SAR86A sp902617045,taxonomic classification defined by topology and ANI,,d__Bacteria,p__Proteobacteria,c__Gammaproteobacteria,o__SAR86,f__D2472,g__SAR86A,s__SAR86A sp902617045
68,AG-910-G05,d__Bacteria;p__Proteobacteria;c__Alphaproteobacteria;o__TMED109;f__TMED131;g__TMED62;s__,ANI,,d__Bacteria,p__Proteobacteria,c__Alphaproteobacteria,o__TMED109,f__TMED131,g__TMED62,s__
69,AG-910-G06,d__Bacteria;p__Proteobacteria;c__Alphaproteobacteria;o__HIMB59;f__HIMB59;g__HIMB59;s__HIMB59 sp902574995,taxonomic classification defined by topology and ANI,,d__Bacteria,p__Proteobacteria,c__Alphaproteobacteria,o__HIMB59,f__HIMB59,g__HIMB59,s__HIMB59 sp902574995
70,AG-910-G07,d__Bacteria;p__Proteobacteria;c__Alphaproteobacteria;o__Pelagibacterales;f__Pelagibacteraceae;g__Pelagibacter_A;s__,taxonomic classification defined by topology and ANI,Genome not assigned to closest species as it falls outside its pre-defined ANI radius,d__Bacteria,p__Proteobacteria,c__Alphaproteobacteria,o__Pelagibacterales,f__Pelagibacteraceae,g__Pelagibacter_A,s__
71,AG-910-G08,d__Bacteria;p__Actinobacteriota;c__Acidimicrobiia;o__Actinomarinales;f__Actinomarinaceae;g__Actinomarina;s__Actinomarina sp902619825,ANI,"Genome domain questionable ( 11.7% Bacterial, 2.5% Archaeal)",d__Bacteria,p__Actinobacteriota,c__Acidimicrobiia,o__Actinomarinales,f__Actinomarinaceae,g__Actinomarina,s__Actinomarina sp902619825
72,AG-910-G09,d__Bacteria;p__Proteobacteria;c__Alphaproteobacteria;o__HIMB59;f__HIMB59;g__HIMB59;s__HIMB59 sp902575065,taxonomic classification defined by topology and ANI,,d__Bacteria,p__Proteobacteria,c__Alphaproteobacteria,o__HIMB59,f__HIMB59,g__HIMB59,s__HIMB59 sp902575065
73,AG-910-G10,d__Bacteria;p__Proteobacteria;c__Alphaproteobacteria;o__Pelagibacterales;f__Pelagibacteraceae;g__Pelagibacter;s__Pelagibacter sp902582605,taxonomic classification defined by topology and ANI,,d__Bacteria,p__Proteobacteria,c__Alphaproteobacteria,o__Pelagibacterales,f__Pelagibacteraceae,g__Pelagibacter,s__Pelagibacter sp902582605
74,AG-910-G11,d__Bacteria;p__Proteobacteria;c__Alphaproteobacteria;o__Pelagibacterales;f__Pelagibacteraceae;g__Pelagibacter_A;s__Pelagibacter_A sp902575095,taxonomic classification defined by topology and ANI,,d__Bacteria,p__Proteobacteria,c__Alphaproteobacteria,o__Pelagibacterales,f__Pelagibacteraceae,g__Pelagibacter_A,s__Pelagibacter_A sp902575095
75,AG-910-G14,d__Bacteria;p__Proteobacteria;c__Gammaproteobacteria;o__SAR86;f__D2472;g__D2472;s__D2472 sp902599315,taxonomic classification defined by topology and ANI,,d__Bacteria,p__Proteobacteria,c__Gammaproteobacteria,o__SAR86,f__D2472,g__D2472,s__D2472 sp902599315
76,AG-910-G17,d__Bacteria;p__Proteobacteria;c__Alphaproteobacteria;o__TMED109;f__TMED131;g__GCA-2715505;s__,taxonomic classification defined by topology and ANI,,d__Bacteria,p__Proteobacteria,c__Alphaproteobacteria,o__TMED109,f__TMED131,g__GCA-2715505,s__
77,AG-910-G19,d__Bacteria;p__Proteobacteria;c__Alphaproteobacteria;o__Pelagibacterales;f__Pelagibacteraceae;g__Pelagibacter;s__Pelagibacter sp902635685,taxonomic classification defined by topology and ANI,,d__Bacteria,p__Proteobacteria,c__Alphaproteobacteria,o__Pelagibacterales,f__Pelagibacteraceae,g__Pelagibacter,s__Pelagibacter sp902635685
78,AG-910-G21,d__Bacteria;p__Proteobacteria;c__Alphaproteobacteria;o__Pelagibacterales;f__Pelagibacteraceae;g__Pelagibacter;s__Pelagibacter sp902596325,taxonomic classification defined by topology and ANI,,d__Bacteria,p__Proteobacteria,c__Alphaproteobacteria,o__Pelagibacterales,f__Pelagibacteraceae,g__Pelagibacter,s__Pelagibacter sp902596325
79,AG-910-I03,d__Bacteria;p__Proteobacteria;c__Alphaproteobacteria;o__Pelagibacterales;f__Pelagibacteraceae;g__Pelagibacter;s__Pelagibacter sp902551985,taxonomic classification defined by topology and ANI,,d__Bacteria,p__Proteobacteria,c__Alphaproteobacteria,o__Pelagibacterales,f__Pelagibacteraceae,g__Pelagibacter,s__Pelagibacter sp902551985
80,AG-910-I04,d__Bacteria;p__Proteobacteria;c__Alphaproteobacteria;o__TMED109;f__TMED131;g__TMED62;s__,taxonomic classification defined by topology and ANI,,d__Bacteria,p__Proteobacteria,c__Alphaproteobacteria,o__TMED109,f__TMED131,g__TMED62,s__
81,AG-910-I07,d__Bacteria;p__Bacteroidota;c__Bacteroidia;o__Flavobacteriales;f__Flavobacteriaceae;g__MED-G14;s__MED-G14 sp002697465,taxonomic classification defined by topology and ANI,,d__Bacteria,p__Bacteroidota,c__Bacteroidia,o__Flavobacteriales,f__Flavobacteriaceae,g__MED-G14,s__MED-G14 sp002697465
82,AG-910-I08,d__Bacteria;p__Proteobacteria;c__Alphaproteobacteria;o__HIMB59;f__GCA-002718135;g__AG-337-I02;s__AG-337-I02 sp902600225,ANI,,d__Bacteria,p__Proteobacteria,c__Alphaproteobacteria,o__HIMB59,f__GCA-002718135,g__AG-337-I02,s__AG-337-I02 sp902600225
83,AG-910-I09,d__Bacteria;p__Proteobacteria;c__Alphaproteobacteria;o__HIMB59;f__HIMB59;g__HIMB59;s__HIMB59 sp902524785,taxonomic classification defined by topology and ANI,,d__Bacteria,p__Proteobacteria,c__Alphaproteobacteria,o__HIMB59,f__HIMB59,g__HIMB59,s__HIMB59 sp902524785
84,AG-910-I11,d__Bacteria;p__Proteobacteria;c__Alphaproteobacteria;o__HIMB59;f__GCA-002718135;g__AG-337-I02;s__,taxonomic classification defined by topology and ANI,Genome not assigned to closest species as it falls outside its pre-defined ANI radius,d__Bacteria,p__Proteobacteria,c__Alphaproteobacteria,o__HIMB59,f__GCA-002718135,g__AG-337-I02,s__
85,AG-910-I14,d__Bacteria;p__Bacteroidota;c__Bacteroidia;o__Flavobacteriales;f__Flavobacteriaceae;g__TMED220;s__TMED220 sp002702875,taxonomic classification defined by topology and ANI,"Genome domain questionable ( 10.8% Bacterial, 4.1% Archaeal)",d__Bacteria,p__Bacteroidota,c__Bacteroidia,o__Flavobacteriales,f__Flavobacteriaceae,g__TMED220,s__TMED220 sp002702875
86,AG-910-I15,d__Bacteria;p__Proteobacteria;c__Gammaproteobacteria;o__Pseudomonadales;f__Halieaceae;g__Luminiphilus;s__,taxonomic classification defined by topology and ANI,Genome not assigned to closest species as it falls outside its pre-defined ANI radius,d__Bacteria,p__Proteobacteria,c__Gammaproteobacteria,o__Pseudomonadales,f__Halieaceae,g__Luminiphilus,s__
87,AG-910-I16,d__Bacteria;p__Proteobacteria;c__Gammaproteobacteria;o__GCA-002705445;f__GCA-002716945;g__CACLCV01;s__,taxonomic classification defined by topology and ANI,Genome not assigned to closest species as it falls outside its pre-defined ANI radius,d__Bacteria,p__Proteobacteria,c__Gammaproteobacteria,o__GCA-002705445,f__GCA-002716945,g__CACLCV01,s__
88,AG-910-I23,d__Bacteria;p__Cyanobacteria;c__Cyanobacteriia;o__PCC-6307;f__Cyanobiaceae;g__Prochlorococcus_A;s__Prochlorococcus_A sp003278525,taxonomic classification defined by topology and ANI,,d__Bacteria,p__Cyanobacteria,c__Cyanobacteriia,o__PCC-6307,f__Cyanobiaceae,g__Prochlorococcus_A,s__Prochlorococcus_A sp003278525
89,AG-910-J03,d__Bacteria;p__Proteobacteria;c__Alphaproteobacteria;o__Pelagibacterales;f__Pelagibacteraceae;g__Pelagibacter;s__Pelagibacter sp000155895,ANI,,d__Bacteria,p__Proteobacteria,c__Alphaproteobacteria,o__Pelagibacterales,f__Pelagibacteraceae,g__Pelagibacter,s__Pelagibacter sp000155895
90,AG-910-J04,d__Bacteria;p__Cyanobacteria;c__Cyanobacteriia;o__PCC-6307;f__Cyanobiaceae;g__Prochlorococcus_A;s__Prochlorococcus_A sp902612005,taxonomic classification defined by topology and ANI,,d__Bacteria,p__Cyanobacteria,c__Cyanobacteriia,o__PCC-6307,f__Cyanobiaceae,g__Prochlorococcus_A,s__Prochlorococcus_A sp902612005
91,AG-910-J05,d__Bacteria;p__Proteobacteria;c__Alphaproteobacteria;o__Pelagibacterales;f__Pelagibacteraceae;g__Pelagibacter;s__,taxonomic classification defined by topology and ANI,Genome not assigned to closest species as it falls outside its pre-defined ANI radius,d__Bacteria,p__Proteobacteria,c__Alphaproteobacteria,o__Pelagibacterales,f__Pelagibacteraceae,g__Pelagibacter,s__
92,AG-910-J06,d__Bacteria;p__Proteobacteria;c__Alphaproteobacteria;o__Pelagibacterales;f__AG-422-B15;g__AG-422-B15;s__AG-422-B15 sp902519835,ANI,,d__Bacteria,p__Proteobacteria,c__Alphaproteobacteria,o__Pelagibacterales,f__AG-422-B15,g__AG-422-B15,s__AG-422-B15 sp902519835
93,AG-910-J07,d__Bacteria;p__Proteobacteria;c__Gammaproteobacteria;o__SAR86;f__AG-339-G14;g__AG-339-G14;s__AG-339-G14 sp902613455,taxonomic classification defined by topology and ANI,,d__Bacteria,p__Proteobacteria,c__Gammaproteobacteria,o__SAR86,f__AG-339-G14,g__AG-339-G14,s__AG-339-G14 sp902613455
94,AG-910-J08,d__Bacteria;p__Proteobacteria;c__Alphaproteobacteria;o__Pelagibacterales;f__Pelagibacteraceae;g__Pelagibacter;s__Pelagibacter sp902565935,taxonomic classification defined by topology and ANI,,d__Bacteria,p__Proteobacteria,c__Alphaproteobacteria,o__Pelagibacterales,f__Pelagibacteraceae,g__Pelagibacter,s__Pelagibacter sp902565935
95,AG-910-J11,d__Bacteria;p__Proteobacteria;c__Alphaproteobacteria;o__Puniceispirillales;f__AAA536-G10;g__TMED54;s__,taxonomic classification defined by topology and ANI,Genome not assigned to closest species as it falls outside its pre-defined ANI radius,d__Bacteria,p__Proteobacteria,c__Alphaproteobacteria,o__Puniceispirillales,f__AAA536-G10,g__TMED54,s__
96,AG-910-J15,d__Bacteria;p__Proteobacteria;c__Gammaproteobacteria;o__SAR86;f__AG-339-G14;g__CACNYO01;s__CACNYO01 sp902570035,taxonomic classification defined by topology and ANI,,d__Bacteria,p__Proteobacteria,c__Gammaproteobacteria,o__SAR86,f__AG-339-G14,g__CACNYO01,s__CACNYO01 sp902570035
97,AG-910-J16,d__Bacteria;p__Proteobacteria;c__Alphaproteobacteria;o__HIMB59;f__HIMB59;g__HIMB59;s__HIMB59 sp902575725,taxonomic classification defined by topology and ANI,,d__Bacteria,p__Proteobacteria,c__Alphaproteobacteria,o__HIMB59,f__HIMB59,g__HIMB59,s__HIMB59 sp902575725
98,AG-910-J20,d__Bacteria;p__Proteobacteria;c__Alphaproteobacteria;o__Pelagibacterales;f__Pelagibacteraceae;g__Pelagibacter_A;s__,taxonomic classification defined by topology and ANI,Genome not assigned to closest species as it falls outside its pre-defined ANI radius,d__Bacteria,p__Proteobacteria,c__Alphaproteobacteria,o__Pelagibacterales,f__Pelagibacteraceae,g__Pelagibacter_A,s__
99,AG-910-J21,d__Bacteria;p__Proteobacteria;c__Alphaproteobacteria;o__TMED127;f__TMED127;g__TMED13;s__,taxonomic classification defined by topology and ANI,Genome not assigned to closest species as it falls outside its pre-defined ANI radius,d__Bacteria,p__Proteobacteria,c__Alphaproteobacteria,o__TMED127,f__TMED127,g__TMED13,s__
100,AG-910-J22,d__Bacteria;p__Proteobacteria;c__Alphaproteobacteria;o__Pelagibacterales;f__Pelagibacteraceae;g__Pelagibacter;s__Pelagibacter sp902555585,taxonomic classification defined by topology and ANI,,d__Bacteria,p__Proteobacteria,c__Alphaproteobacteria,o__Pelagibacterales,f__Pelagibacteraceae,g__Pelagibacter,s__Pelagibacter sp902555585
101,AG-910-K02,d__Bacteria;p__Proteobacteria;c__Alphaproteobacteria;o__Pelagibacterales;f__Pelagibacteraceae;g__Pelagibacter;s__Pelagibacter sp902575835,taxonomic classification defined by topology and ANI,,d__Bacteria,p__Proteobacteria,c__Alphaproteobacteria,o__Pelagibacterales,f__Pelagibacteraceae,g__Pelagibacter,s__Pelagibacter sp902575835
102,AG-910-K03,d__Bacteria;p__Proteobacteria;c__Alphaproteobacteria;o__HIMB59;f__GCA-002718135;g__AG-337-I02;s__AG-337-I02 sp902575815,taxonomic classification defined by topology and ANI,,d__Bacteria,p__Proteobacteria,c__Alphaproteobacteria,o__HIMB59,f__GCA-002718135,g__AG-337-I02,s__AG-337-I02 sp902575815
103,AG-910-K06,d__Bacteria;p__Proteobacteria;c__Alphaproteobacteria;o__HIMB59;f__GCA-002718135;g__AG-337-I02;s__,taxonomic classification defined by topology and ANI,Genome not assigned to closest species as it falls outside its pre-defined ANI radius,d__Bacteria,p__Proteobacteria,c__Alphaproteobacteria,o__HIMB59,f__GCA-002718135,g__AG-337-I02,s__
104,AG-910-K07,d__Bacteria;p__Proteobacteria;c__Alphaproteobacteria;o__Pelagibacterales;f__Pelagibacteraceae;g__Pelagibacter;s__Pelagibacter sp902618205,taxonomic classification defined by topology and ANI,,d__Bacteria,p__Proteobacteria,c__Alphaproteobacteria,o__Pelagibacterales,f__Pelagibacteraceae,g__Pelagibacter,s__Pelagibacter sp902618205
105,AG-910-K08,d__Bacteria;p__Proteobacteria;c__Alphaproteobacteria;o__Pelagibacterales;f__Pelagibacteraceae;g__Pelagibacter;s__,taxonomic classification defined by topology and ANI,Genome not assigned to closest species as it falls outside its pre-defined ANI radius,d__Bacteria,p__Proteobacteria,c__Alphaproteobacteria,o__Pelagibacterales,f__Pelagibacteraceae,g__Pelagibacter,s__
106,AG-910-K09,d__Bacteria;p__Proteobacteria;c__Alphaproteobacteria;o__Puniceispirillales;f__AAA536-G10;g__AAA536-G10;s__AAA536-G10 sp003278095,ANI,,d__Bacteria,p__Proteobacteria,c__Alphaproteobacteria,o__Puniceispirillales,f__AAA536-G10,g__AAA536-G10,s__AAA536-G10 sp003278095
107,AG-910-K10,d__Bacteria;p__Actinobacteriota;c__Acidimicrobiia;o__Actinomarinales;f__Actinomarinaceae;g__Actinomarina;s__,taxonomic classification defined by topology and ANI,Genome not assigned to closest species as it falls outside its pre-defined ANI radius,d__Bacteria,p__Actinobacteriota,c__Acidimicrobiia,o__Actinomarinales,f__Actinomarinaceae,g__Actinomarina,s__
108,AG-910-K16,d__Bacteria;p__Proteobacteria;c__Alphaproteobacteria;o__Pelagibacterales;f__Pelagibacteraceae;g__Pelagibacter_A;s__Pelagibacter_A sp902590755,taxonomic classification defined by topology and ANI,,d__Bacteria,p__Proteobacteria,c__Alphaproteobacteria,o__Pelagibacterales,f__Pelagibacteraceae,g__Pelagibacter_A,s__Pelagibacter_A sp902590755
109,AG-910-K17,d__Bacteria;p__Proteobacteria;c__Alphaproteobacteria;o__HIMB59;f__HIMB59;g__HIMB59;s__,taxonomic classification defined by topology and ANI,Genome not assigned to closest species as it falls outside its pre-defined ANI radius,d__Bacteria,p__Proteobacteria,c__Alphaproteobacteria,o__HIMB59,f__HIMB59,g__HIMB59,s__
110,AG-910-K19,d__Bacteria;p__Proteobacteria;c__Alphaproteobacteria;o__Pelagibacterales;f__Pelagibacteraceae;g__Pelagibacter_A;s__,taxonomic classification defined by topology and ANI,Genome not assigned to closest species as it falls outside its pre-defined ANI radius,d__Bacteria,p__Proteobacteria,c__Alphaproteobacteria,o__Pelagibacterales,f__Pelagibacteraceae,g__Pelagibacter_A,s__
111,AG-910-K20,d__Bacteria;p__Proteobacteria;c__Gammaproteobacteria;o__SAR86;f__TMED112;g__TMED112;s__TMED112 sp902610995,taxonomic classification defined by topology and ANI,,d__Bacteria,p__Proteobacteria,c__Gammaproteobacteria,o__SAR86,f__TMED112,g__TMED112,s__TMED112 sp902610995
112,AG-910-K21,d__Bacteria;p__Proteobacteria;c__Alphaproteobacteria;o__Pelagibacterales;f__Pelagibacteraceae;g__Pelagibacter_A;s__Pelagibacter_A sp902590505,ANI,,d__Bacteria,p__Proteobacteria,c__Alphaproteobacteria,o__Pelagibacterales,f__Pelagibacteraceae,g__Pelagibacter_A,s__Pelagibacter_A sp902590505
113,AG-910-K22,d__Bacteria;p__Proteobacteria;c__Gammaproteobacteria;o__SAR86;f__TMED112;g__TMED112;s__TMED112 sp003280455,taxonomic classification defined by topology and ANI,,d__Bacteria,p__Proteobacteria,c__Gammaproteobacteria,o__SAR86,f__TMED112,g__TMED112,s__TMED112 sp003280455
114,AG-910-L04,d__Bacteria;p__Proteobacteria;c__Alphaproteobacteria;o__Pelagibacterales;f__Pelagibacteraceae;g__Pelagibacter;s__Pelagibacter sp902571015,taxonomic classification defined by topology and ANI,,d__Bacteria,p__Proteobacteria,c__Alphaproteobacteria,o__Pelagibacterales,f__Pelagibacteraceae,g__Pelagibacter,s__Pelagibacter sp902571015
115,AG-910-L06,d__Bacteria;p__Proteobacteria;c__Gammaproteobacteria;o__SAR86;f__TMED112;g__TMED112;s__TMED112 sp003280455,taxonomic classification defined by topology and ANI,,d__Bacteria,p__Proteobacteria,c__Gammaproteobacteria,o__SAR86,f__TMED112,g__TMED112,s__TMED112 sp003280455
116,AG-910-L07,d__Bacteria;p__Proteobacteria;c__Alphaproteobacteria;o__Puniceispirillales;f__Puniceispirillaceae;g__UBA5951;s__,taxonomic classification defined by topology and ANI,,d__Bacteria,p__Proteobacteria,c__Alphaproteobacteria,o__Puniceispirillales,f__Puniceispirillaceae,g__UBA5951,s__
117,AG-910-L10,d__Bacteria;p__Proteobacteria;c__Alphaproteobacteria;o__Pelagibacterales;f__Pelagibacteraceae;g__Pelagibacter;s__,taxonomic classification defined by topology and ANI,Genome not assigned to closest species as it falls outside its pre-defined ANI radius,d__Bacteria,p__Proteobacteria,c__Alphaproteobacteria,o__Pelagibacterales,f__Pelagibacteraceae,g__Pelagibacter,s__
118,AG-910-L11,d__Bacteria;p__Proteobacteria;c__Alphaproteobacteria;o__Pelagibacterales;f__Pelagibacteraceae;g__Pelagibacter;s__,taxonomic classification defined by topology and ANI,Genome not assigned to closest species as it falls outside its pre-defined ANI radius,d__Bacteria,p__Proteobacteria,c__Alphaproteobacteria,o__Pelagibacterales,f__Pelagibacteraceae,g__Pelagibacter,s__
119,AG-910-L15,d__Bacteria;p__Proteobacteria;c__Alphaproteobacteria;o__Pelagibacterales;f__Pelagibacteraceae;g__Pelagibacter_A;s__,taxonomic classification defined by topology and ANI,Genome not assigned to closest species as it falls outside its pre-defined ANI radius,d__Bacteria,p__Proteobacteria,c__Alphaproteobacteria,o__Pelagibacterales,f__Pelagibacteraceae,g__Pelagibacter_A,s__
120,AG-910-L17,d__Bacteria;p__Proteobacteria;c__Gammaproteobacteria;o__SAR86;f__AG-339-G14;g__AG-339-G14;s__AG-339-G14 sp902635045,taxonomic classification defined by topology and ANI,,d__Bacteria,p__Proteobacteria,c__Gammaproteobacteria,o__SAR86,f__AG-339-G14,g__AG-339-G14,s__AG-339-G14 sp902635045
121,AG-910-L19,d__Bacteria;p__Proteobacteria;c__Alphaproteobacteria;o__Pelagibacterales;f__Pelagibacteraceae;g__Pelagibacter;s__Pelagibacter sp902576335,taxonomic classification defined by topology and ANI,,d__Bacteria,p__Proteobacteria,c__Alphaproteobacteria,o__Pelagibacterales,f__Pelagibacteraceae,g__Pelagibacter,s__Pelagibacter sp902576335
122,AG-910-L21,d__Bacteria;p__Proteobacteria;c__Alphaproteobacteria;o__Pelagibacterales;f__Pelagibacteraceae;g__Pelagibacter;s__Pelagibacter sp002101295,ANI,,d__Bacteria,p__Proteobacteria,c__Alphaproteobacteria,o__Pelagibacterales,f__Pelagibacteraceae,g__Pelagibacter,s__Pelagibacter sp002101295
123,AG-910-M02,d__Bacteria;p__Bacteroidota;c__Bacteroidia;o__Flavobacteriales;f__Flavobacteriaceae;g__GCA-2862715;s__GCA-2862715 sp002862715,taxonomic classification defined by topology and ANI,,d__Bacteria,p__Bacteroidota,c__Bacteroidia,o__Flavobacteriales,f__Flavobacteriaceae,g__GCA-2862715,s__GCA-2862715 sp002862715
124,AG-910-M03,d__Bacteria;p__Proteobacteria;c__Gammaproteobacteria;o__SAR86;f__AG-339-G14;g__AG-339-G14;s__AG-339-G14 sp902613455,taxonomic classification defined by topology and ANI,,d__Bacteria,p__Proteobacteria,c__Gammaproteobacteria,o__SAR86,f__AG-339-G14,g__AG-339-G14,s__AG-339-G14 sp902613455
125,AG-910-M05,d__Bacteria;p__Proteobacteria;c__Alphaproteobacteria;o__TMED127;f__TMED127;g__GCA-002690875;s__,taxonomic classification defined by topology and ANI,Genome not assigned to closest species as it falls outside its pre-defined ANI radius,d__Bacteria,p__Proteobacteria,c__Alphaproteobacteria,o__TMED127,f__TMED127,g__GCA-002690875,s__
126,AG-910-M06,d__Bacteria;p__Bacteroidota;c__Bacteroidia;o__Flavobacteriales;f__Flavobacteriaceae;g__MED-G11;s__,taxonomic classification defined by topology and ANI,Genome not assigned to closest species as it falls outside its pre-defined ANI radius,d__Bacteria,p__Bacteroidota,c__Bacteroidia,o__Flavobacteriales,f__Flavobacteriaceae,g__MED-G11,s__
127,AG-910-M07,d__Bacteria;p__Proteobacteria;c__Alphaproteobacteria;o__Pelagibacterales;f__Pelagibacteraceae;g__Pelagibacter;s__Pelagibacter sp902598655,taxonomic classification defined by topology and ANI,,d__Bacteria,p__Proteobacteria,c__Alphaproteobacteria,o__Pelagibacterales,f__Pelagibacteraceae,g__Pelagibacter,s__Pelagibacter sp902598655
128,AG-910-M08,d__Bacteria;p__Proteobacteria;c__Alphaproteobacteria;o__Pelagibacterales;f__Pelagibacteraceae;g__GCA-2704625;s__,taxonomic classification defined by topology and ANI,Genome not assigned to closest species as it falls outside its pre-defined ANI radius,d__Bacteria,p__Proteobacteria,c__Alphaproteobacteria,o__Pelagibacterales,f__Pelagibacteraceae,g__GCA-2704625,s__
129,AG-910-M09,d__Bacteria;p__Proteobacteria;c__Alphaproteobacteria;o__Pelagibacterales;f__Pelagibacteraceae;g__Pelagibacter;s__,taxonomic classification defined by topology and ANI,Genome not assigned to closest species as it falls outside its pre-defined ANI radius,d__Bacteria,p__Proteobacteria,c__Alphaproteobacteria,o__Pelagibacterales,f__Pelagibacteraceae,g__Pelagibacter,s__
130,AG-910-M10,d__Bacteria;p__Actinobacteriota;c__Acidimicrobiia;o__Actinomarinales;f__Actinomarinaceae;g__Actinomarina;s__Actinomarina sp902576605,taxonomic classification defined by topology and ANI,,d__Bacteria,p__Actinobacteriota,c__Acidimicrobiia,o__Actinomarinales,f__Actinomarinaceae,g__Actinomarina,s__Actinomarina sp902576605
131,AG-910-M11,d__Bacteria;p__Proteobacteria;c__Alphaproteobacteria;o__Pelagibacterales;f__Pelagibacteraceae;g__Pelagibacter;s__,taxonomic classification defined by topology and ANI,Genome not assigned to closest species as it falls outside its pre-defined ANI radius,d__Bacteria,p__Proteobacteria,c__Alphaproteobacteria,o__Pelagibacterales,f__Pelagibacteraceae,g__Pelagibacter,s__
132,AG-910-M13,d__Bacteria;p__Actinobacteriota;c__Acidimicrobiia;o__Actinomarinales;f__Actinomarinaceae;g__Actinomarina;s__Actinomarina sp003213625,taxonomic classification defined by topology and ANI,,d__Bacteria,p__Actinobacteriota,c__Acidimicrobiia,o__Actinomarinales,f__Actinomarinaceae,g__Actinomarina,s__Actinomarina sp003213625
133,AG-910-M14,d__Bacteria;p__Proteobacteria;c__Alphaproteobacteria;o__Pelagibacterales;f__Pelagibacteraceae;g__HIMB114;s__,taxonomic classification defined by topology and ANI,Genome not assigned to closest species as it falls outside its pre-defined ANI radius,d__Bacteria,p__Proteobacteria,c__Alphaproteobacteria,o__Pelagibacterales,f__Pelagibacteraceae,g__HIMB114,s__
134,AG-910-M16,d__Bacteria;p__Proteobacteria;c__Gammaproteobacteria;o__SAR86;f__AG-339-G14;g__AG-339-G14;s__AG-339-G14 sp902616715,taxonomic classification defined by topology and ANI,,d__Bacteria,p__Proteobacteria,c__Gammaproteobacteria,o__SAR86,f__AG-339-G14,g__AG-339-G14,s__AG-339-G14 sp902616715
135,AG-910-M19,d__Bacteria;p__Proteobacteria;c__Alphaproteobacteria;o__Pelagibacterales;f__Pelagibacteraceae;g__Pelagibacter_A;s__,taxonomic classification defined by topology and ANI,Genome not assigned to closest species as it falls outside its pre-defined ANI radius,d__Bacteria,p__Proteobacteria,c__Alphaproteobacteria,o__Pelagibacterales,f__Pelagibacteraceae,g__Pelagibacter_A,s__
136,AG-910-M20,d__Bacteria;p__Proteobacteria;c__Alphaproteobacteria;o__Pelagibacterales;f__Pelagibacteraceae;g__CACCLK01;s__CACCLK01 sp902546795,taxonomic classification defined by topology and ANI,,d__Bacteria,p__Proteobacteria,c__Alphaproteobacteria,o__Pelagibacterales,f__Pelagibacteraceae,g__CACCLK01,s__CACCLK01 sp902546795
137,AG-910-M21,d__Bacteria;p__Proteobacteria;c__Alphaproteobacteria;o__Pelagibacterales;f__Pelagibacteraceae;g__GCA-002704185;s__GCA-002704185 sp003280495,taxonomic classification defined by topology and ANI,,d__Bacteria,p__Proteobacteria,c__Alphaproteobacteria,o__Pelagibacterales,f__Pelagibacteraceae,g__GCA-002704185,s__GCA-002704185 sp003280495
138,AG-910-M23,d__Bacteria;p__Proteobacteria;c__Alphaproteobacteria;o__Pelagibacterales;f__Pelagibacteraceae;g__Pelagibacter;s__Pelagibacter sp902576815,taxonomic classification defined by topology and ANI,,d__Bacteria,p__Proteobacteria,c__Alphaproteobacteria,o__Pelagibacterales,f__Pelagibacteraceae,g__Pelagibacter,s__Pelagibacter sp902576815
139,AG-910-N03,d__Bacteria;p__Proteobacteria;c__Gammaproteobacteria;o__SAR86;f__D2472;g__SAR86A;s__SAR86A sp000252525,taxonomic classification defined by topology and ANI,,d__Bacteria,p__Proteobacteria,c__Gammaproteobacteria,o__SAR86,f__D2472,g__SAR86A,s__SAR86A sp000252525
140,AG-910-N04,d__Bacteria;p__Proteobacteria;c__Alphaproteobacteria;o__Pelagibacterales;f__Pelagibacteraceae;g__Pelagibacter;s__Pelagibacter sp902589315,taxonomic classification defined by topology and ANI,,d__Bacteria,p__Proteobacteria,c__Alphaproteobacteria,o__Pelagibacterales,f__Pelagibacteraceae,g__Pelagibacter,s__Pelagibacter sp902589315
141,AG-910-N06,d__Bacteria;p__Cyanobacteria;c__Cyanobacteriia;o__PCC-6307;f__Cyanobiaceae;g__Prochlorococcus_A;s__,taxonomic classification defined by topology and ANI,Genome not assigned to closest species as it falls outside its pre-defined ANI radius,d__Bacteria,p__Cyanobacteria,c__Cyanobacteriia,o__PCC-6307,f__Cyanobiaceae,g__Prochlorococcus_A,s__
142,AG-910-N07,d__Bacteria;p__Proteobacteria;c__Alphaproteobacteria;o__Pelagibacterales;f__Pelagibacteraceae;g__Pelagibacter;s__,taxonomic classification defined by topology and ANI,Genome not assigned to closest species as it falls outside its pre-defined ANI radius,d__Bacteria,p__Proteobacteria,c__Alphaproteobacteria,o__Pelagibacterales,f__Pelagibacteraceae,g__Pelagibacter,s__
143,AG-910-N08,d__Bacteria;p__Proteobacteria;c__Alphaproteobacteria;o__Pelagibacterales;f__Pelagibacteraceae;g__GCA-2704625;s__,taxonomic classification defined by topology and ANI,Genome not assigned to closest species as it falls outside its pre-defined ANI radius,d__Bacteria,p__Proteobacteria,c__Alphaproteobacteria,o__Pelagibacterales,f__Pelagibacteraceae,g__GCA-2704625,s__
144,AG-910-N11,d__Bacteria;p__Cyanobacteria;c__Cyanobacteriia;o__PCC-6307;f__Cyanobiaceae;g__Synechococcus_E;s__,taxonomic classification defined by topology and ANI,,d__Bacteria,p__Cyanobacteria,c__Cyanobacteriia,o__PCC-6307,f__Cyanobiaceae,g__Synechococcus_E,s__
145,AG-910-N14,d__Bacteria;p__Proteobacteria;c__Alphaproteobacteria;o__HIMB59;f__GCA-002718135;g__AG-337-I02;s__AG-337-I02 sp902570155,taxonomic classification defined by topology and ANI,,d__Bacteria,p__Proteobacteria,c__Alphaproteobacteria,o__HIMB59,f__GCA-002718135,g__AG-337-I02,s__AG-337-I02 sp902570155
146,AG-910-N15,d__Bacteria;p__Proteobacteria;c__Alphaproteobacteria;o__Pelagibacterales;f__Pelagibacteraceae;g__Pelagibacter_A;s__,taxonomic classification defined by topology and ANI,Genome not assigned to closest species as it falls outside its pre-defined ANI radius,d__Bacteria,p__Proteobacteria,c__Alphaproteobacteria,o__Pelagibacterales,f__Pelagibacteraceae,g__Pelagibacter_A,s__
147,AG-910-N18,d__Bacteria;p__Proteobacteria;c__Alphaproteobacteria;o__Pelagibacterales;f__Pelagibacteraceae;g__Pelagibacter_A;s__,taxonomic classification defined by topology and ANI,Genome not assigned to closest species as it falls outside its pre-defined ANI radius,d__Bacteria,p__Proteobacteria,c__Alphaproteobacteria,o__Pelagibacterales,f__Pelagibacteraceae,g__Pelagibacter_A,s__
148,AG-910-N20,d__Bacteria;p__Proteobacteria;c__Alphaproteobacteria;o__Pelagibacterales;f__Pelagibacteraceae;g__GCA-2704625;s__GCA-2704625 sp902567495,taxonomic classification defined by topology and ANI,,d__Bacteria,p__Proteobacteria,c__Alphaproteobacteria,o__Pelagibacterales,f__Pelagibacteraceae,g__GCA-2704625,s__GCA-2704625 sp902567495
149,AG-910-N21,d__Bacteria;p__Proteobacteria;c__Alphaproteobacteria;o__Rhodobacterales;f__Rhodobacteraceae;g__CACIJG01;s__,taxonomic classification defined by topology and ANI,Genome not assigned to closest species as it falls outside its pre-defined ANI radius,d__Bacteria,p__Proteobacteria,c__Alphaproteobacteria,o__Rhodobacterales,f__Rhodobacteraceae,g__CACIJG01,s__
150,AG-910-N23,d__Bacteria;p__Proteobacteria;c__Alphaproteobacteria;o__Pelagibacterales;f__Pelagibacteraceae;g__Pelagibacter;s__,taxonomic classification defined by topology and ANI,Genome not assigned to closest species as it falls outside its pre-defined ANI radius,d__Bacteria,p__Proteobacteria,c__Alphaproteobacteria,o__Pelagibacterales,f__Pelagibacteraceae,g__Pelagibacter,s__
151,AG-910-O03,d__Bacteria;p__Proteobacteria;c__Alphaproteobacteria;o__Pelagibacterales;f__Pelagibacteraceae;g__Pelagibacter;s__Pelagibacter sp003209915,ANI,,d__Bacteria,p__Proteobacteria,c__Alphaproteobacteria,o__Pelagibacterales,f__Pelagibacteraceae,g__Pelagibacter,s__Pelagibacter sp003209915
152,AG-910-O04,d__Bacteria;p__Proteobacteria;c__Gammaproteobacteria;o__SAR86;f__D2472;g__MED-G85;s__MED-G85 sp003331505,taxonomic classification defined by topology and ANI,,d__Bacteria,p__Proteobacteria,c__Gammaproteobacteria,o__SAR86,f__D2472,g__MED-G85,s__MED-G85 sp003331505
153,AG-910-O05,d__Bacteria;p__Proteobacteria;c__Alphaproteobacteria;o__Pelagibacterales;f__Pelagibacteraceae;g__Pelagibacter_A;s__,taxonomic classification defined by topology and ANI,Genome not assigned to closest species as it falls outside its pre-defined ANI radius,d__Bacteria,p__Proteobacteria,c__Alphaproteobacteria,o__Pelagibacterales,f__Pelagibacteraceae,g__Pelagibacter_A,s__
154,AG-910-O09,d__Bacteria;p__Proteobacteria;c__Alphaproteobacteria;o__HIMB59;f__HIMB59;g__HIMB59;s__HIMB59 sp902536405,ANI,,d__Bacteria,p__Proteobacteria,c__Alphaproteobacteria,o__HIMB59,f__HIMB59,g__HIMB59,s__HIMB59 sp902536405
155,AG-910-O10,d__Bacteria;p__Cyanobacteria;c__Cyanobacteriia;o__PCC-6307;f__Cyanobiaceae;g__Prochlorococcus_A;s__,taxonomic classification defined by topology and ANI,Genome not assigned to closest species as it falls outside its pre-defined ANI radius,d__Bacteria,p__Cyanobacteria,c__Cyanobacteriia,o__PCC-6307,f__Cyanobiaceae,g__Prochlorococcus_A,s__
156,AG-910-O11,d__Bacteria;p__Proteobacteria;c__Alphaproteobacteria;o__Pelagibacterales;f__Pelagibacteraceae;g__Pelagibacter;s__Pelagibacter sp001704065,ANI,,d__Bacteria,p__Proteobacteria,c__Alphaproteobacteria,o__Pelagibacterales,f__Pelagibacteraceae,g__Pelagibacter,s__Pelagibacter sp001704065
157,AG-910-O15,d__Bacteria;p__Proteobacteria;c__Alphaproteobacteria;o__Pelagibacterales;f__Pelagibacteraceae;g__Pelagibacter;s__Pelagibacter sp902577285,taxonomic classification defined by topology and ANI,,d__Bacteria,p__Proteobacteria,c__Alphaproteobacteria,o__Pelagibacterales,f__Pelagibacteraceae,g__Pelagibacter,s__Pelagibacter sp902577285
158,AG-910-O20,d__Bacteria;p__Proteobacteria;c__Alphaproteobacteria;o__Pelagibacterales;f__Pelagibacteraceae;g__Pelagibacter;s__Pelagibacter sp003209915,ANI,,d__Bacteria,p__Proteobacteria,c__Alphaproteobacteria,o__Pelagibacterales,f__Pelagibacteraceae,g__Pelagibacter,s__Pelagibacter sp003209915
159,AG-910-O22,d__Bacteria;p__Cyanobacteria;c__Cyanobacteriia;o__PCC-6307;f__Cyanobiaceae;g__Prochlorococcus_A;s__Prochlorococcus_A sp000634215,taxonomic classification defined by topology and ANI,,d__Bacteria,p__Cyanobacteria,c__Cyanobacteriia,o__PCC-6307,f__Cyanobiaceae,g__Prochlorococcus_A,s__Prochlorococcus_A sp000634215
160,AG-910-O23,d__Bacteria;p__Bacteroidota;c__Bacteroidia;o__Flavobacteriales;f__Flavobacteriaceae;g__GCA-2862715;s__GCA-2862715 sp002862715,taxonomic classification defined by topology and ANI,,d__Bacteria,p__Bacteroidota,c__Bacteroidia,o__Flavobacteriales,f__Flavobacteriaceae,g__GCA-2862715,s__GCA-2862715 sp002862715
161,AG-910-P01,d__Bacteria;p__Proteobacteria;c__Alphaproteobacteria;o__Pelagibacterales;f__Pelagibacteraceae;g__Pelagibacter;s__,taxonomic classification defined by topology and ANI,Genome not assigned to closest species as it falls outside its pre-defined ANI radius,d__Bacteria,p__Proteobacteria,c__Alphaproteobacteria,o__Pelagibacterales,f__Pelagibacteraceae,g__Pelagibacter,s__
162,AG-910-P03,d__Bacteria;p__Proteobacteria;c__Alphaproteobacteria;o__HIMB59;f__HIMB59;g__HIMB59;s__HIMB59 sp902619375,taxonomic classification defined by topology and ANI,,d__Bacteria,p__Proteobacteria,c__Alphaproteobacteria,o__HIMB59,f__HIMB59,g__HIMB59,s__HIMB59 sp902619375
163,AG-910-P04,d__Bacteria;p__Bacteroidota;c__Bacteroidia;o__Flavobacteriales;f__Flavobacteriaceae;g__TMED96;s__,taxonomic classification defined by topology and ANI,Genome not assigned to closest species as it falls outside its pre-defined ANI radius,d__Bacteria,p__Bacteroidota,c__Bacteroidia,o__Flavobacteriales,f__Flavobacteriaceae,g__TMED96,s__
164,AG-910-P06,d__Bacteria;p__Proteobacteria;c__Gammaproteobacteria;o__SAR86;f__D2472;g__SAR86A;s__SAR86A sp902591925,taxonomic classification defined by topology and ANI,,d__Bacteria,p__Proteobacteria,c__Gammaproteobacteria,o__SAR86,f__D2472,g__SAR86A,s__SAR86A sp902591925
165,AG-910-P07,d__Bacteria;p__Cyanobacteria;c__Cyanobacteriia;o__PCC-6307;f__Cyanobiaceae;g__Prochlorococcus_A;s__Prochlorococcus_A sp902520485,taxonomic classification defined by topology and ANI,,d__Bacteria,p__Cyanobacteria,c__Cyanobacteriia,o__PCC-6307,f__Cyanobiaceae,g__Prochlorococcus_A,s__Prochlorococcus_A sp902520485
166,AG-910-P08,d__Bacteria;p__Actinobacteriota;c__Acidimicrobiia;o__Actinomarinales;f__Actinomarinaceae;g__Actinomarina;s__Actinomarina sp003213165,taxonomic classification defined by topology and ANI,,d__Bacteria,p__Actinobacteriota,c__Acidimicrobiia,o__Actinomarinales,f__Actinomarinaceae,g__Actinomarina,s__Actinomarina sp003213165
167,AG-910-P13,d__Bacteria;p__Proteobacteria;c__Alphaproteobacteria;o__Puniceispirillales;f__AAA536-G10;g__TMED54;s__,taxonomic classification defined by topology and ANI,Genome not assigned to closest species as it falls outside its pre-defined ANI radius,d__Bacteria,p__Proteobacteria,c__Alphaproteobacteria,o__Puniceispirillales,f__AAA536-G10,g__TMED54,s__
168,AG-910-P17,d__Bacteria;p__Proteobacteria;c__Alphaproteobacteria;o__Pelagibacterales;f__Pelagibacteraceae;g__Pelagibacter;s__Pelagibacter sp902594705,taxonomic classification defined by topology and ANI,,d__Bacteria,p__Proteobacteria,c__Alphaproteobacteria,o__Pelagibacterales,f__Pelagibacteraceae,g__Pelagibacter,s__Pelagibacter sp902594705
169,AG-910-P19,d__Bacteria;p__Proteobacteria;c__Alphaproteobacteria;o__Pelagibacterales;f__Pelagibacteraceae;g__Pelagibacter_A;s__,taxonomic classification defined by topology and ANI,Genome not assigned to closest species as it falls outside its pre-defined ANI radius,d__Bacteria,p__Proteobacteria,c__Alphaproteobacteria,o__Pelagibacterales,f__Pelagibacteraceae,g__Pelagibacter_A,s__
